frame,x,y,z,roll,pitch,yaw,tracking_state,n_keypoints,n_map_matches,is_keyframe
0,-0.018352,-0.000458,0.063482,1.661,-15.053,-0.197,NOT_INITIALIZED,6006,0,0
1,-0.020413,0.000043,0.069427,1.658,-15.027,-0.180,NOT_INITIALIZED,6008,0,0
2,-0.021535,-0.000372,0.074377,1.658,-15.039,-0.186,NOT_INITIALIZED,6008,0,0
3,-0.023125,-0.000304,0.080821,1.682,-15.051,-0.209,NOT_INITIALIZED,6006,0,0
4,-0.024811,-0.000454,0.087369,1.694,-15.066,-0.226,NOT_INITIALIZED,6007,0,0
5,-0.026767,-0.000173,0.093483,1.670,-15.043,-0.214,NOT_INITIALIZED,6007,0,0
6,-0.028569,-0.000182,0.099245,1.664,-15.044,-0.205,NOT_INITIALIZED,6003,0,0
7,-0.030285,0.000177,0.105940,1.683,-15.025,-0.224,NOT_INITIALIZED,6008,0,0
8,-0.032067,0.000261,0.111485,1.702,-15.034,-0.208,NOT_INITIALIZED,6005,0,0
9,-0.033525,0.000276,0.116898,1.678,-15.026,-0.203,NOT_INITIALIZED,6003,0,0
10,-0.034798,-0.000118,0.123189,1.678,-15.058,-0.229,NOT_INITIALIZED,6008,0,0
11,-0.036528,-0.000023,0.128492,1.676,-15.051,-0.205,NOT_INITIALIZED,6007,0,0
12,-0.038054,-0.000065,0.134899,1.693,-15.062,-0.216,NOT_INITIALIZED,6002,0,0
13,-0.039471,-0.000014,0.140852,1.674,-15.055,-0.222,NOT_INITIALIZED,6005,0,0
14,-0.041387,0.000134,0.146761,1.669,-15.045,-0.212,NOT_INITIALIZED,6009,0,0
15,-0.042690,0.000186,0.152563,1.675,-15.046,-0.234,NOT_INITIALIZED,6006,0,0
16,-0.044102,-0.000101,0.158876,1.669,-15.058,-0.254,NOT_INITIALIZED,6005,0,0
17,-0.046051,0.000240,0.165014,1.666,-15.033,-0.238,NOT_INITIALIZED,6001,0,0
18,-0.047729,0.000204,0.171102,1.693,-15.054,-0.244,NOT_INITIALIZED,6004,0,0
19,-0.049582,0.000283,0.176924,1.685,-15.038,-0.235,NOT_INITIALIZED,6005,0,0
20,-0.051150,0.000239,0.183323,1.672,-15.037,-0.257,NOT_INITIALIZED,6007,0,0
21,-0.052667,0.000120,0.189322,1.677,-15.046,-0.270,NOT_INITIALIZED,6006,0,0
22,-0.054488,0.000185,0.195614,1.663,-15.041,-0.270,NOT_INITIALIZED,6010,0,0
23,-0.056145,0.000326,0.201896,1.676,-15.039,-0.289,NOT_INITIALIZED,6005,0,0
24,-0.057765,0.000268,0.207436,1.683,-15.038,-0.294,NOT_INITIALIZED,6002,0,0
25,-0.059446,0.000406,0.213729,1.695,-15.036,-0.315,NOT_INITIALIZED,6006,0,0
26,-0.061062,0.000302,0.219442,1.696,-15.054,-0.329,NOT_INITIALIZED,6006,0,0
27,-0.062706,0.000223,0.224924,1.666,-15.043,-0.329,NOT_INITIALIZED,6005,0,0
28,-0.064052,0.000237,0.230782,1.638,-15.032,-0.358,NOT_INITIALIZED,6005,0,0
29,-0.065869,0.000433,0.236551,1.624,-15.010,-0.351,NOT_INITIALIZED,6004,0,0
30,-0.067500,0.000567,0.242145,1.631,-15.011,-0.361,NOT_INITIALIZED,6004,0,0
31,-0.069028,0.000584,0.247850,1.620,-15.008,-0.365,NOT_INITIALIZED,6006,0,0
32,-0.070336,0.000523,0.252914,1.652,-15.020,-0.377,NOT_INITIALIZED,6002,0,0
33,-0.071934,0.000470,0.258179,1.616,-15.016,-0.370,NOT_INITIALIZED,6006,0,0
34,-0.073598,0.000540,0.263808,1.613,-15.002,-0.369,NOT_INITIALIZED,6002,0,0
35,-0.074813,0.000429,0.269121,1.611,-15.012,-0.384,NOT_INITIALIZED,6002,0,0
36,-0.076472,0.000516,0.274538,1.622,-15.019,-0.386,NOT_INITIALIZED,6005,0,0
37,-0.077988,0.000710,0.280774,1.592,-15.001,-0.402,NOT_INITIALIZED,6008,0,0
38,-0.079260,0.000278,0.285208,1.574,-15.011,-0.395,NOT_INITIALIZED,6007,0,0
39,-0.080838,0.000662,0.291336,1.589,-14.997,-0.410,NOT_INITIALIZED,6005,0,0
40,-0.081861,0.000250,0.296317,1.592,-15.026,-0.427,NOT_INITIALIZED,6005,0,0
41,-0.083390,0.000225,0.301305,1.597,-15.030,-0.422,NOT_INITIALIZED,6002,0,0
42,-0.084925,0.000347,0.306284,1.587,-15.022,-0.413,NOT_INITIALIZED,6005,0,0
43,-0.086203,0.000268,0.311449,1.607,-15.037,-0.431,NOT_INITIALIZED,6001,0,0
44,-0.087495,0.000243,0.315838,1.556,-15.025,-0.411,NOT_INITIALIZED,6004,0,0
45,-0.089330,0.000437,0.321582,1.574,-15.020,-0.403,NOT_INITIALIZED,6005,0,0
46,-0.090509,0.000168,0.326680,1.574,-15.035,-0.407,NOT_INITIALIZED,6003,0,0
47,-0.091885,0.000264,0.331547,1.570,-15.037,-0.389,NOT_INITIALIZED,6003,0,0
48,-0.093296,0.000235,0.336643,1.562,-15.033,-0.378,NOT_INITIALIZED,6003,0,0
49,-0.094590,0.000072,0.341364,1.576,-15.044,-0.368,NOT_INITIALIZED,6004,0,0
50,-0.095946,0.000218,0.347084,1.553,-15.031,-0.358,NOT_INITIALIZED,6006,0,0
51,-0.097165,0.000112,0.352024,1.531,-15.026,-0.364,NOT_INITIALIZED,6004,0,0
52,-0.098787,0.000172,0.357195,1.523,-15.024,-0.343,NOT_INITIALIZED,6004,0,0
53,-0.100022,-0.000124,0.362986,1.531,-15.037,-0.364,NOT_INITIALIZED,6005,0,0
54,-0.101884,-0.000390,0.367504,1.506,-15.038,-0.320,NOT_INITIALIZED,6005,0,0
55,-0.102796,-0.000451,0.373520,1.538,-15.070,-0.353,NOT_INITIALIZED,6006,0,0
56,-0.104316,-0.000133,0.379847,1.508,-15.041,-0.360,NOT_INITIALIZED,6003,0,0
57,-0.105729,-0.000310,0.384611,1.498,-15.050,-0.348,NOT_INITIALIZED,6004,0,0
58,-0.107120,-0.000212,0.390105,1.502,-15.050,-0.356,NOT_INITIALIZED,6008,0,0
59,-0.108955,-0.000065,0.395548,1.474,-15.042,-0.334,NOT_INITIALIZED,6007,0,1
60,-0.110004,-0.000220,0.401427,1.500,-15.065,-0.373,NOT_INITIALIZED,6005,0,0
61,-0.111707,-0.000289,0.406898,1.479,-15.058,-0.364,NOT_INITIALIZED,6010,0,0
62,-0.113098,-0.000168,0.411406,1.462,-15.050,-0.345,NOT_INITIALIZED,6004,0,0
63,-0.114554,-0.000008,0.416725,1.457,-15.053,-0.344,NOT_INITIALIZED,6006,0,0
64,-0.115918,-0.000225,0.422375,1.414,-15.045,-0.342,NOT_INITIALIZED,6008,0,0
65,-0.116990,-0.000121,0.427838,1.445,-15.069,-0.373,NOT_INITIALIZED,6006,0,0
66,-0.118525,0.000159,0.433477,1.440,-15.070,-0.379,NOT_INITIALIZED,6003,0,0
67,-0.120291,0.000172,0.438277,1.394,-15.054,-0.340,NOT_INITIALIZED,6005,0,0
68,-0.121539,0.000138,0.443357,1.393,-15.067,-0.345,NOT_INITIALIZED,6004,0,0
69,-0.122957,0.000088,0.449520,1.397,-15.082,-0.361,NOT_INITIALIZED,6002,0,0
70,-0.124419,0.000248,0.455039,1.430,-15.097,-0.371,OK,6003,193,1
71,-0.126195,0.000446,0.460438,1.377,-15.081,-0.355,OK,1208,73,0
72,-0.127591,0.000479,0.466390,1.384,-15.091,-0.365,OK,1204,71,1
73,-0.128853,0.000266,0.471784,1.389,-15.115,-0.373,OK,1209,90,0
74,-0.129871,0.000112,0.476346,1.388,-15.132,-0.380,OK,1205,83,0
75,-0.132309,0.000617,0.482477,1.345,-15.093,-0.350,OK,1207,86,0
76,-0.133846,0.000954,0.488346,1.391,-15.106,-0.363,OK,1208,84,0
77,-0.135520,0.000808,0.493554,1.368,-15.105,-0.346,OK,1209,78,1
78,-0.136896,0.000883,0.499231,1.365,-15.106,-0.355,OK,1203,88,1
79,-0.138547,0.000825,0.505359,1.355,-15.116,-0.368,OK,1211,95,0
80,-0.140228,0.001135,0.511285,1.348,-15.099,-0.372,OK,1205,92,1
81,-0.141650,0.001005,0.516289,1.344,-15.108,-0.367,OK,1205,115,0
82,-0.142915,0.001028,0.522017,1.362,-15.120,-0.385,OK,1210,109,0
83,-0.144215,0.000970,0.527679,1.400,-15.145,-0.402,OK,1210,134,0
84,-0.145770,0.000985,0.533056,1.372,-15.137,-0.395,OK,1209,111,0
85,-0.147566,0.001015,0.538378,1.355,-15.129,-0.385,OK,1203,137,0
86,-0.148890,0.000886,0.544539,1.396,-15.157,-0.404,OK,1208,132,1
87,-0.150492,0.000683,0.550120,1.425,-15.176,-0.410,OK,1204,145,1
88,-0.152068,0.000763,0.555820,1.415,-15.170,-0.419,OK,1206,152,0
89,-0.153704,0.000942,0.561997,1.423,-15.172,-0.433,OK,1204,165,0
90,-0.155287,0.000932,0.567519,1.400,-15.153,-0.430,OK,1211,152,0
91,-0.157270,0.000953,0.574151,1.417,-15.158,-0.432,OK,1209,154,0
92,-0.158842,0.001215,0.579614,1.389,-15.129,-0.433,OK,1208,149,0
93,-0.160345,0.001137,0.586079,1.410,-15.151,-0.456,OK,1207,150,0
94,-0.161867,0.000605,0.592340,1.421,-15.180,-0.473,OK,1208,140,1
95,-0.163396,0.000952,0.599026,1.420,-15.168,-0.492,OK,1206,155,0
96,-0.165257,0.000896,0.605236,1.401,-15.160,-0.494,OK,1208,145,0
97,-0.166919,0.000996,0.611082,1.409,-15.157,-0.499,OK,1207,151,0
98,-0.168500,0.000955,0.616640,1.438,-15.166,-0.501,OK,1209,138,1
99,-0.170046,0.000852,0.622777,1.453,-15.177,-0.520,OK,1209,163,0
100,-0.171760,0.000784,0.629062,1.468,-15.184,-0.539,OK,1202,153,0
101,-0.173088,0.000988,0.634214,1.486,-15.181,-0.552,OK,1204,166,0
102,-0.174701,0.000973,0.640496,1.477,-15.177,-0.571,OK,1206,168,0
103,-0.176433,0.000925,0.646054,1.475,-15.178,-0.565,OK,1207,164,0
104,-0.178476,0.001275,0.653059,1.505,-15.178,-0.598,OK,1207,158,0
105,-0.180328,0.001036,0.659054,1.490,-15.179,-0.609,OK,1209,162,0
106,-0.181663,0.000945,0.665247,1.550,-15.209,-0.655,OK,1207,167,0
107,-0.183640,0.001142,0.670847,1.497,-15.171,-0.644,OK,1206,163,1
108,-0.185730,0.001279,0.678028,1.522,-15.177,-0.672,OK,1205,183,0
109,-0.187181,0.001059,0.683868,1.539,-15.185,-0.694,OK,1205,172,1
110,-0.188852,0.001009,0.689399,1.564,-15.201,-0.700,OK,1209,172,0
111,-0.190730,0.001212,0.696615,1.592,-15.209,-0.737,OK,1208,175,0
112,-0.192736,0.001263,0.703026,1.602,-15.203,-0.752,OK,1206,154,0
113,-0.194629,0.001283,0.709934,1.615,-15.206,-0.769,OK,1205,183,0
114,-0.196467,0.001352,0.716597,1.596,-15.195,-0.782,OK,1207,162,0
115,-0.198357,0.001142,0.723437,1.607,-15.208,-0.795,OK,1203,152,1
116,-0.200417,0.001377,0.730549,1.622,-15.202,-0.808,OK,1208,156,0
117,-0.201920,0.001411,0.736524,1.620,-15.190,-0.821,OK,1205,165,0
118,-0.203966,0.001360,0.742984,1.631,-15.197,-0.819,OK,1207,162,0
119,-0.205369,0.001479,0.748880,1.665,-15.195,-0.832,OK,1209,143,1
120,-0.207018,0.001263,0.755243,1.684,-15.213,-0.850,OK,1208,149,0
121,-0.208990,0.001489,0.762470,1.686,-15.195,-0.870,OK,1209,152,0
122,-0.210744,0.001436,0.768803,1.681,-15.190,-0.882,OK,1207,153,0
123,-0.213031,0.001373,0.775090,1.675,-15.183,-0.857,OK,1206,140,0
124,-0.214883,0.001430,0.782085,1.682,-15.176,-0.873,OK,1210,151,0
125,-0.216751,0.001365,0.788642,1.681,-15.171,-0.888,OK,1211,149,0
126,-0.218668,0.001315,0.795265,1.686,-15.169,-0.894,OK,1212,140,0
127,-0.220393,0.001338,0.801312,1.685,-15.155,-0.901,OK,1211,150,0
128,-0.222260,0.001555,0.808582,1.694,-15.145,-0.924,OK,1213,144,1
129,-0.224428,0.001356,0.815734,1.702,-15.153,-0.931,OK,1205,162,0
130,-0.226197,0.001560,0.822626,1.693,-15.130,-0.947,OK,1210,146,1
131,-0.228028,0.001238,0.829432,1.713,-15.140,-0.962,OK,1204,162,0
132,-0.229794,0.001451,0.836033,1.718,-15.120,-0.974,OK,1211,137,0
133,-0.231907,0.001216,0.842791,1.720,-15.123,-0.970,OK,1207,149,0
134,-0.233859,0.001456,0.849608,1.716,-15.107,-0.981,OK,1210,145,0
135,-0.235898,0.001266,0.856064,1.707,-15.113,-0.972,OK,1211,137,0
136,-0.238015,0.001153,0.863077,1.712,-15.117,-0.973,OK,1208,144,0
137,-0.239873,0.001086,0.869904,1.711,-15.114,-0.978,OK,1208,148,1
138,-0.241876,0.001174,0.876692,1.709,-15.106,-0.976,OK,1207,158,0
139,-0.243373,0.001079,0.882743,1.731,-15.119,-0.980,OK,1208,140,1
140,-0.245223,0.000818,0.888744,1.727,-15.121,-0.975,OK,1208,145,0
141,-0.246930,0.001171,0.895490,1.733,-15.113,-0.986,OK,1208,160,0
142,-0.248551,0.001055,0.900328,1.707,-15.107,-0.963,OK,1210,148,0
143,-0.250303,0.001035,0.906109,1.705,-15.109,-0.963,OK,1205,173,0
144,-0.251915,0.000992,0.911844,1.714,-15.113,-0.964,OK,1210,148,0
145,-0.253493,0.000947,0.917690,1.714,-15.111,-0.962,OK,1207,149,0
146,-0.255303,0.000878,0.923546,1.709,-15.115,-0.951,OK,1209,151,0
147,-0.257219,0.000813,0.928982,1.710,-15.120,-0.927,OK,1206,141,0
148,-0.259161,0.000662,0.934922,1.676,-15.118,-0.907,OK,1211,141,0
149,-0.260966,0.000855,0.940962,1.683,-15.110,-0.899,OK,1209,150,1
150,-0.262477,0.000618,0.947275,1.685,-15.124,-0.907,OK,1203,152,0
151,-0.263994,0.000729,0.952316,1.683,-15.122,-0.895,OK,1206,146,1
152,-0.265747,0.000795,0.957971,1.667,-15.116,-0.872,OK,1209,156,0
153,-0.267419,0.000530,0.964041,1.664,-15.133,-0.863,OK,1207,143,1
154,-0.269104,0.000600,0.970160,1.665,-15.129,-0.852,OK,1205,171,0
155,-0.270554,0.000629,0.975960,1.670,-15.136,-0.845,OK,1209,152,0
156,-0.272501,0.000478,0.982180,1.659,-15.145,-0.824,OK,1207,147,0
157,-0.274269,0.000502,0.988762,1.662,-15.149,-0.817,OK,1206,154,0
158,-0.276237,0.000504,0.994704,1.655,-15.153,-0.790,OK,1208,138,1
159,-0.277528,0.000400,1.000550,1.656,-15.159,-0.787,OK,1208,163,0
160,-0.279308,-0.000003,1.006751,1.645,-15.186,-0.763,OK,1213,149,0
161,-0.280671,-0.000120,1.012105,1.610,-15.183,-0.745,OK,1207,143,0
162,-0.282870,0.000211,1.019205,1.621,-15.179,-0.715,OK,1207,174,0
163,-0.284599,0.000287,1.025289,1.602,-15.174,-0.686,OK,1206,169,0
164,-0.286418,0.000062,1.031959,1.590,-15.185,-0.674,OK,1208,157,0
165,-0.288015,0.000126,1.038999,1.600,-15.200,-0.667,OK,1210,150,0
166,-0.289768,-0.000007,1.044364,1.580,-15.212,-0.628,OK,1209,184,0
167,-0.291567,-0.000126,1.051068,1.573,-15.222,-0.607,OK,1207,178,0
168,-0.292966,-0.000068,1.057256,1.562,-15.227,-0.588,OK,1207,160,0
169,-0.294795,0.000097,1.064079,1.572,-15.239,-0.564,OK,1208,183,0
170,-0.297040,0.000344,1.070759,1.568,-15.235,-0.537,OK,1212,180,0
171,-0.298995,0.000454,1.078107,1.537,-15.235,-0.515,OK,1212,162,1
172,-0.300866,0.000502,1.084754,1.540,-15.258,-0.491,OK,1210,188,0
173,-0.302354,0.000247,1.091486,1.547,-15.269,-0.474,OK,1206,180,0
174,-0.303998,0.000527,1.098123,1.526,-15.264,-0.469,OK,1206,172,1
175,-0.305904,0.000403,1.104471,1.523,-15.275,-0.439,OK,1209,207,0
176,-0.307549,0.000425,1.110965,1.509,-15.270,-0.410,OK,1209,199,0
177,-0.309203,0.000440,1.117817,1.501,-15.277,-0.391,OK,1208,181,0
178,-0.310779,0.000264,1.124081,1.462,-15.279,-0.375,OK,1208,167,0
179,-0.312741,0.000240,1.131055,1.469,-15.292,-0.347,OK,1209,159,0
180,-0.314742,0.000433,1.138011,1.489,-15.292,-0.329,OK,1205,159,1
181,-0.316597,0.000145,1.144262,1.471,-15.303,-0.299,OK,1209,167,0
182,-0.318016,0.000298,1.150856,1.475,-15.309,-0.294,OK,1207,157,0
183,-0.320353,0.000398,1.158029,1.461,-15.299,-0.259,OK,1208,145,1
184,-0.322025,0.000580,1.164091,1.448,-15.289,-0.236,OK,1207,196,0
185,-0.323869,0.000649,1.171371,1.466,-15.291,-0.225,OK,1208,171,0
186,-0.325516,0.000471,1.177659,1.466,-15.299,-0.205,OK,1208,158,1
187,-0.327740,0.000640,1.184899,1.459,-15.296,-0.174,OK,1206,203,0
188,-0.328885,0.000305,1.191307,1.468,-15.318,-0.176,OK,1204,181,0
189,-0.330956,0.000926,1.198779,1.453,-15.286,-0.168,OK,1208,167,0
190,-0.332349,0.000269,1.204732,1.452,-15.321,-0.159,OK,1204,194,0
191,-0.334306,0.000511,1.211950,1.443,-15.296,-0.141,OK,1207,177,0
192,-0.336031,0.000503,1.217639,1.455,-15.329,-0.107,OK,1212,167,0
193,-0.337940,0.000497,1.223712,1.457,-15.291,-0.077,OK,1206,152,1
194,-0.340036,0.001134,1.231340,1.434,-15.229,-0.051,OK,1208,178,0
195,-0.341512,0.000790,1.237679,1.439,-15.236,-0.043,OK,1211,175,0
196,-0.343635,0.000701,1.244812,1.426,-15.229,-0.019,OK,1206,170,0
197,-0.345637,0.000468,1.252637,1.421,-15.232,-0.000,OK,1209,166,0
198,-0.347150,0.001036,1.259834,1.475,-15.228,-0.013,OK,1208,166,0
199,-0.348209,0.000728,1.264729,1.446,-15.227,0.005,OK,1205,192,0
200,-0.350209,0.000604,1.271558,1.410,-15.210,0.047,OK,1204,174,0
201,-0.351598,0.000493,1.278690,1.429,-15.227,0.048,OK,1208,171,0
202,-0.354210,0.000706,1.286498,1.426,-15.214,0.091,OK,1209,205,0
203,-0.355516,0.000328,1.293370,1.426,-15.220,0.101,OK,1206,183,0
204,-0.357417,0.001022,1.298637,1.430,-15.190,0.137,OK,1207,183,0
205,-0.358760,0.000609,1.304977,1.423,-15.197,0.151,OK,1208,173,0
206,-0.361075,0.000809,1.312468,1.403,-15.179,0.181,OK,1207,222,0
207,-0.362580,0.000606,1.319011,1.417,-15.178,0.191,OK,1208,194,0
208,-0.364185,0.000622,1.326087,1.432,-15.175,0.185,OK,1207,181,0
209,-0.366384,0.000675,1.332719,1.378,-15.154,0.223,OK,1209,179,1
210,-0.368208,0.000688,1.339598,1.364,-15.133,0.235,OK,1206,208,0
211,-0.369824,0.000580,1.347279,1.392,-15.145,0.216,OK,1207,193,0
212,-0.372112,0.000692,1.355166,1.405,-15.141,0.232,OK,1203,190,0
213,-0.374213,0.000194,1.362342,1.377,-15.142,0.256,OK,1209,167,1
214,-0.376097,-0.000019,1.369474,1.366,-15.124,0.274,OK,1207,194,0
215,-0.377746,0.000266,1.376052,1.393,-15.119,0.266,OK,1205,180,0
216,-0.379488,0.000346,1.383390,1.405,-15.104,0.260,OK,1206,172,0
217,-0.381263,0.000205,1.390555,1.374,-15.079,0.277,OK,1210,155,1
218,-0.383254,0.000063,1.398200,1.393,-15.079,0.273,OK,1209,184,0
219,-0.385692,0.000391,1.406129,1.401,-15.055,0.285,OK,1211,175,0
220,-0.388049,0.000442,1.413737,1.397,-15.040,0.291,OK,1210,178,0
221,-0.390162,0.000267,1.421569,1.397,-15.030,0.294,OK,1208,161,0
222,-0.392092,0.000027,1.428644,1.415,-15.031,0.292,OK,1208,149,1
223,-0.394317,0.000099,1.436373,1.390,-15.017,0.305,OK,1211,192,0
224,-0.396418,-0.000037,1.443761,1.395,-15.009,0.309,OK,1207,172,0
225,-0.398252,0.000150,1.450582,1.414,-15.000,0.305,OK,1209,170,0
226,-0.400386,-0.000053,1.458710,1.403,-14.994,0.311,OK,1206,160,0
227,-0.401972,-0.000166,1.465430,1.424,-14.998,0.295,OK,1210,152,1
228,-0.404298,0.000037,1.473182,1.461,-14.987,0.302,OK,1204,188,0
229,-0.406606,-0.000056,1.481339,1.472,-14.990,0.301,OK,1206,169,0
230,-0.408923,-0.000080,1.488580,1.421,-14.973,0.328,OK,1202,160,0
231,-0.410959,0.000182,1.496884,1.433,-14.956,0.315,OK,1206,153,0
232,-0.412951,0.000082,1.503584,1.442,-14.958,0.324,OK,1206,147,1
233,-0.415455,0.000155,1.511858,1.400,-14.945,0.343,OK,1209,183,0
234,-0.417616,0.000129,1.519259,1.379,-14.941,0.349,OK,1207,165,0
235,-0.419783,0.000136,1.526705,1.396,-14.935,0.359,OK,1208,160,0
236,-0.421233,0.000573,1.532241,1.402,-14.926,0.365,OK,1204,160,0
237,-0.423236,0.000370,1.539828,1.388,-14.924,0.363,OK,1209,196,0
238,-0.425361,0.000166,1.546948,1.390,-14.931,0.372,OK,1211,177,0
239,-0.427286,-0.000013,1.554495,1.369,-14.935,0.378,OK,1207,168,0
240,-0.429357,0.000166,1.561948,1.378,-14.920,0.394,OK,1210,161,1
241,-0.431232,0.000338,1.569044,1.393,-14.918,0.392,OK,1203,194,0
242,-0.432904,0.000197,1.576023,1.372,-14.922,0.406,OK,1206,180,0
243,-0.434833,-0.000072,1.582832,1.368,-14.928,0.419,OK,1211,169,0
244,-0.436504,0.000061,1.589947,1.355,-14.929,0.431,OK,1207,166,1
245,-0.438201,-0.000036,1.597398,1.362,-14.922,0.433,OK,1211,210,0
246,-0.440578,0.000054,1.605439,1.365,-14.923,0.447,OK,1207,208,0
247,-0.442636,0.000303,1.613189,1.373,-14.916,0.448,OK,1207,187,0
248,-0.444739,0.000255,1.621212,1.352,-14.910,0.465,OK,1206,177,0
249,-0.446744,-0.000168,1.629668,1.363,-14.932,0.454,OK,1206,175,1
250,-0.448656,0.000172,1.637593,1.394,-14.915,0.446,OK,1209,193,0
251,-0.451022,0.000244,1.645979,1.387,-14.913,0.453,OK,1208,177,0
252,-0.453183,0.000379,1.653350,1.360,-14.876,0.484,OK,1206,175,0
253,-0.455252,0.000212,1.661459,1.378,-14.894,0.469,OK,1204,168,0
254,-0.456949,-0.000044,1.669015,1.388,-14.898,0.460,OK,1205,163,1
255,-0.459066,0.000138,1.677316,1.388,-14.897,0.473,OK,1209,206,0
256,-0.460901,0.000073,1.684528,1.405,-14.905,0.472,OK,1208,192,0
257,-0.462621,0.000169,1.691883,1.386,-14.897,0.468,OK,1208,178,0
258,-0.464580,0.000149,1.699753,1.432,-14.902,0.448,OK,1205,169,0
259,-0.466335,-0.000067,1.706145,1.433,-14.906,0.454,OK,1206,157,1
260,-0.468973,-0.000178,1.714398,1.384,-14.893,0.477,OK,1207,174,0
261,-0.470678,-0.000281,1.720890,1.422,-14.903,0.471,OK,1208,173,0
262,-0.472524,0.000049,1.728313,1.392,-14.871,0.473,OK,1209,160,0
263,-0.474369,-0.000110,1.735026,1.365,-14.874,0.479,OK,1205,163,0
264,-0.476061,0.000015,1.742248,1.404,-14.884,0.461,OK,1206,146,1
265,-0.478235,-0.000334,1.749764,1.408,-14.894,0.456,OK,1207,208,0
266,-0.479961,0.000064,1.755794,1.399,-14.876,0.461,OK,1206,193,0
267,-0.481616,-0.000028,1.762275,1.408,-14.875,0.452,OK,1211,172,0
268,-0.483586,-0.000316,1.769374,1.403,-14.886,0.455,OK,1203,167,0
269,-0.485376,-0.000206,1.776217,1.427,-14.890,0.446,OK,1209,151,0
270,-0.487227,-0.000178,1.783325,1.406,-14.877,0.443,OK,1206,157,1
271,-0.489125,-0.000468,1.789925,1.394,-14.885,0.451,OK,1204,207,0
272,-0.491038,-0.000024,1.797133,1.440,-14.896,0.437,OK,1210,191,0
273,-0.492896,0.000168,1.803391,1.374,-14.851,0.466,OK,1206,180,0
274,-0.494766,-0.000144,1.810562,1.383,-14.875,0.460,OK,1206,168,0
275,-0.496854,-0.000146,1.817988,1.380,-14.876,0.467,OK,1206,161,1
276,-0.498663,0.000280,1.825829,1.405,-14.862,0.442,OK,1205,215,0
277,-0.499870,0.000144,1.832678,1.430,-14.879,0.420,OK,1208,207,0
278,-0.502378,-0.000008,1.839720,1.377,-14.861,0.457,OK,1208,186,0
279,-0.504520,0.000375,1.847751,1.403,-14.859,0.445,OK,1208,189,0
280,-0.505743,-0.000120,1.853611,1.387,-14.866,0.447,OK,1207,171,1
281,-0.507891,-0.000178,1.860866,1.356,-14.861,0.454,OK,1208,215,0
282,-0.510051,0.000381,1.869329,1.362,-14.836,0.458,OK,1206,202,0
283,-0.511653,-0.000018,1.876489,1.385,-14.853,0.441,OK,1204,182,0
284,-0.513820,-0.000052,1.883764,1.362,-14.850,0.452,OK,1203,176,0
285,-0.515636,-0.000266,1.890105,1.337,-14.845,0.461,OK,1209,175,1
286,-0.517491,-0.000246,1.899879,1.367,-14.853,0.430,OK,1205,211,0
287,-0.519329,-0.000608,1.906007,1.373,-14.863,0.461,OK,1205,190,0
288,-0.521071,-0.000225,1.912890,1.366,-14.857,0.439,OK,1206,187,0
289,-0.523619,0.000045,1.922331,1.371,-14.830,0.446,OK,1207,178,0
290,-0.525391,-0.000071,1.928753,1.391,-14.839,0.443,OK,1204,175,1
291,-0.527044,-0.000153,1.935480,1.391,-14.838,0.435,OK,1211,200,0
292,-0.528867,-0.000127,1.942511,1.394,-14.839,0.435,OK,1208,192,0
293,-0.530710,-0.000008,1.949540,1.404,-14.827,0.421,OK,1211,171,0
294,-0.533208,-0.000168,1.957831,1.392,-14.822,0.417,OK,1209,154,0
295,-0.536081,-0.000421,1.965456,1.335,-14.810,0.450,OK,1204,159,0
296,-0.538111,-0.000323,1.973605,1.367,-14.809,0.416,OK,1205,154,1
297,-0.539661,-0.000489,1.979712,1.374,-14.817,0.391,OK,1209,196,0
298,-0.542192,-0.000280,1.987916,1.356,-14.802,0.383,OK,1206,171,0
299,-0.544069,-0.000242,1.994606,1.365,-14.802,0.368,OK,1206,161,0
300,-0.545955,-0.000141,2.002102,1.348,-14.798,0.348,OK,1204,152,0
301,-0.548003,-0.000313,2.010705,1.402,-14.814,0.314,OK,1209,155,1
302,-0.550096,-0.000447,2.018517,1.371,-14.810,0.297,OK,1208,210,0
303,-0.552208,-0.000707,2.025863,1.383,-14.833,0.293,OK,1205,192,0
304,-0.554462,-0.000406,2.032912,1.377,-14.814,0.286,OK,1209,183,0
305,-0.556378,-0.000622,2.040379,1.396,-14.828,0.276,OK,1207,171,0
306,-0.558738,-0.000447,2.047601,1.349,-14.810,0.286,OK,1209,164,0
307,-0.561050,-0.000526,2.055162,1.375,-14.825,0.272,OK,1208,152,1
308,-0.562917,-0.000660,2.063580,1.400,-14.842,0.245,OK,1205,199,0
309,-0.565024,-0.000262,2.070763,1.418,-14.839,0.238,OK,1202,187,0
310,-0.567143,-0.000089,2.078638,1.376,-14.816,0.224,OK,1209,184,0
311,-0.568782,-0.000301,2.084965,1.397,-14.829,0.208,OK,1204,180,0
312,-0.571236,-0.000070,2.092818,1.385,-14.826,0.209,OK,1208,165,0
313,-0.572797,-0.000270,2.099316,1.395,-14.841,0.184,OK,1208,151,1
314,-0.574762,-0.000365,2.106529,1.399,-14.850,0.179,OK,1209,188,0
315,-0.576609,-0.000117,2.113467,1.377,-14.833,0.169,OK,1209,178,0
316,-0.578360,-0.000478,2.120756,1.377,-14.856,0.145,OK,1206,172,0
317,-0.580624,-0.000250,2.128050,1.382,-14.851,0.147,OK,1207,169,0
318,-0.582598,-0.000002,2.134766,1.374,-14.842,0.150,OK,1205,164,0
319,-0.584698,-0.000027,2.141939,1.368,-14.846,0.137,OK,1208,154,1
320,-0.586469,0.000126,2.148980,1.369,-14.846,0.115,OK,1207,193,0
321,-0.588752,0.000050,2.156542,1.384,-14.845,0.116,OK,1206,183,0
322,-0.591008,-0.000098,2.163322,1.380,-14.862,0.113,OK,1204,166,0
323,-0.592813,0.000218,2.173013,1.417,-14.864,0.062,OK,1210,159,0
324,-0.595003,0.000205,2.180014,1.384,-14.856,0.066,OK,1204,143,0
325,-0.597250,0.000488,2.187669,1.387,-14.849,0.051,OK,1211,139,1
326,-0.599436,0.000521,2.195573,1.422,-14.866,0.028,OK,1206,192,0
327,-0.601155,0.000419,2.202186,1.426,-14.880,0.007,OK,1209,164,0
328,-0.602725,0.000409,2.208915,1.385,-14.853,-0.006,OK,1209,164,0
329,-0.604916,0.000536,2.216222,1.332,-14.838,-0.001,OK,1207,147,0
330,-0.607086,0.000046,2.221962,1.401,-14.881,-0.020,OK,1206,144,0
331,-0.609954,0.000174,2.232359,1.386,-14.882,-0.055,OK,1204,141,1
332,-0.612542,0.000478,2.239700,1.347,-14.855,-0.048,OK,1207,162,0
333,-0.614495,0.000423,2.246422,1.341,-14.855,-0.070,OK,1208,155,0
334,-0.617018,0.000408,2.253889,1.320,-14.844,-0.079,OK,1209,145,0
335,-0.619329,0.000206,2.261131,1.315,-14.854,-0.103,OK,1205,136,0
336,-0.621491,0.000519,2.268381,1.256,-14.821,-0.126,OK,1209,135,0
337,-0.623959,0.000499,2.276837,1.322,-14.852,-0.178,OK,1208,123,1
338,-0.626047,0.000454,2.283984,1.337,-14.853,-0.216,OK,1208,173,0
339,-0.628770,0.000676,2.294820,1.395,-14.873,-0.277,OK,1206,162,0
340,-0.630713,0.000870,2.301245,1.387,-14.852,-0.309,OK,1211,142,0
341,-0.633188,0.000457,2.309033,1.352,-14.868,-0.325,OK,1210,141,0
342,-0.635279,0.000813,2.315814,1.378,-14.860,-0.343,OK,1208,139,0
343,-0.637555,0.001082,2.323090,1.392,-14.848,-0.376,OK,1209,132,1
344,-0.640184,0.000893,2.330818,1.358,-14.856,-0.384,OK,1208,176,0
345,-0.642053,0.000765,2.337527,1.419,-14.881,-0.427,OK,1206,166,0
346,-0.645184,0.000989,2.345969,1.375,-14.850,-0.428,OK,1209,157,0
347,-0.647247,0.000948,2.355593,1.406,-14.860,-0.477,OK,1205,141,0
348,-0.648872,0.000352,2.362194,1.412,-14.884,-0.514,OK,1205,133,0
349,-0.650950,0.000485,2.369032,1.401,-14.878,-0.530,OK,1208,125,1
350,-0.653635,0.000735,2.376959,1.398,-14.858,-0.550,OK,1203,182,0
351,-0.655659,0.001234,2.383430,1.388,-14.835,-0.575,OK,1205,160,0
352,-0.658481,0.001218,2.391388,1.376,-14.835,-0.581,OK,1210,157,0
353,-0.660787,0.000900,2.398372,1.373,-14.855,-0.596,OK,1206,147,0
354,-0.662888,0.000867,2.405408,1.383,-14.856,-0.624,OK,1206,146,0
355,-0.665069,0.000858,2.414478,1.376,-14.852,-0.670,OK,1206,137,0
356,-0.667290,0.000951,2.421336,1.350,-14.841,-0.681,OK,1206,141,0
357,-0.669303,0.000730,2.428511,1.371,-14.856,-0.728,OK,1205,121,1
358,-0.672043,0.000688,2.435803,1.356,-14.850,-0.731,OK,1212,182,0
359,-0.674209,0.000935,2.442995,1.357,-14.839,-0.757,OK,1210,160,0
360,-0.676299,0.000968,2.449599,1.365,-14.833,-0.785,OK,1204,156,0
361,-0.678439,0.001401,2.457439,1.367,-14.820,-0.827,OK,1206,143,0
362,-0.680808,0.001146,2.464397,1.323,-14.813,-0.838,OK,1206,134,0
363,-0.683229,0.001140,2.472185,1.363,-14.833,-0.867,OK,1207,124,0
364,-0.686087,0.001337,2.479951,1.332,-14.812,-0.866,OK,1208,126,0
365,-0.688256,0.001165,2.487661,1.327,-14.813,-0.911,OK,1210,111,1
366,-0.690840,0.001173,2.494896,1.332,-14.815,-0.921,OK,1211,170,0
367,-0.692898,0.001101,2.501984,1.325,-14.812,-0.952,OK,1207,167,0
368,-0.695412,0.001261,2.509110,1.289,-14.779,-0.972,OK,1206,164,0
369,-0.697851,0.001035,2.516564,1.291,-14.800,-1.001,OK,1205,150,0
370,-0.700008,0.000819,2.523018,1.322,-14.807,-1.043,OK,1206,146,0
371,-0.702800,0.001233,2.531081,1.272,-14.765,-1.064,OK,1211,149,0
372,-0.704961,0.000633,2.539109,1.363,-14.820,-1.111,OK,1207,136,1
373,-0.707598,0.000569,2.546514,1.309,-14.800,-1.126,OK,1205,187,0
374,-0.710004,0.000839,2.553725,1.316,-14.801,-1.160,OK,1206,168,0
375,-0.712587,0.000865,2.560723,1.322,-14.786,-1.186,OK,1207,158,0
376,-0.714777,0.001121,2.569289,1.338,-14.777,-1.245,OK,1204,145,0
377,-0.717036,0.000932,2.575523,1.336,-14.781,-1.272,OK,1205,135,0
378,-0.719307,0.000792,2.583108,1.354,-14.795,-1.312,OK,1207,139,0
379,-0.721660,0.000852,2.592523,1.408,-14.803,-1.386,OK,1207,128,1
380,-0.724119,0.000377,2.597435,1.387,-14.808,-1.386,OK,1207,197,0
381,-0.726463,0.000876,2.601533,1.298,-14.761,-1.352,OK,1207,173,0
382,-0.728983,0.001160,2.609160,1.329,-14.759,-1.391,OK,1207,164,0
383,-0.731375,0.000836,2.616690,1.307,-14.753,-1.417,OK,1208,159,0
384,-0.733743,0.000725,2.623178,1.335,-14.761,-1.440,OK,1209,160,0
385,-0.736104,0.000815,2.630300,1.291,-14.746,-1.455,OK,1204,150,0
386,-0.738551,0.000903,2.637431,1.306,-14.748,-1.485,OK,1210,145,1
387,-0.741181,0.001013,2.645827,1.258,-14.725,-1.495,OK,1207,181,0
388,-0.743525,0.001183,2.653195,1.255,-14.708,-1.524,OK,1206,167,0
389,-0.746039,0.000602,2.659611,1.268,-14.729,-1.541,OK,1207,160,0
390,-0.748015,0.000364,2.666936,1.283,-14.748,-1.563,OK,1211,156,0
391,-0.750553,0.000863,2.674544,1.281,-14.724,-1.589,OK,1211,156,0
392,-0.753129,0.000757,2.682173,1.265,-14.727,-1.605,OK,1211,152,0
393,-0.755332,0.001069,2.689184,1.266,-14.706,-1.629,OK,1205,135,0
394,-0.757740,0.000668,2.696218,1.254,-14.718,-1.648,OK,1209,126,1
395,-0.760115,0.000560,2.703773,1.226,-14.709,-1.667,OK,1205,181,0
396,-0.761976,0.000237,2.709894,1.258,-14.726,-1.699,OK,1207,186,0
397,-0.764495,0.000536,2.717154,1.238,-14.705,-1.713,OK,1205,169,0
398,-0.766694,-0.000049,2.724203,1.248,-14.730,-1.734,OK,1207,157,0
399,-0.768859,0.000208,2.729984,1.257,-14.724,-1.739,OK,1206,140,0
400,-0.771137,0.000183,2.736223,1.250,-14.715,-1.757,OK,1205,137,0
401,-0.773684,0.000363,2.744036,1.241,-14.705,-1.773,OK,1202,140,0
402,-0.776301,0.000076,2.751198,1.268,-14.719,-1.799,OK,1205,135,1
403,-0.778590,0.000156,2.758005,1.218,-14.716,-1.815,OK,1208,175,0
404,-0.781082,0.000039,2.765661,1.254,-14.720,-1.856,OK,1208,165,0
405,-0.784105,0.000020,2.773820,1.218,-14.706,-1.870,OK,1203,154,0
406,-0.786488,0.000004,2.780421,1.226,-14.709,-1.893,OK,1207,137,0
407,-0.789163,0.000221,2.787922,1.234,-14.696,-1.916,OK,1207,134,0
408,-0.791919,0.000358,2.795931,1.226,-14.691,-1.948,OK,1208,146,0
409,-0.794478,0.000654,2.802987,1.206,-14.660,-1.967,OK,1209,142,0
410,-0.796961,0.000682,2.809631,1.211,-14.648,-1.987,OK,1205,138,1
411,-0.799671,0.000399,2.817779,1.220,-14.674,-2.028,OK,1210,201,0
412,-0.801983,0.000420,2.825520,1.252,-14.677,-2.079,OK,1204,175,0
413,-0.805066,0.000418,2.833441,1.230,-14.672,-2.091,OK,1208,164,0
414,-0.807708,0.000548,2.840991,1.221,-14.659,-2.116,OK,1208,160,0
415,-0.809586,0.000308,2.848752,1.247,-14.673,-2.166,OK,1206,152,0
416,-0.812828,0.000251,2.859640,1.250,-14.676,-2.216,OK,1206,155,0
417,-0.815657,0.000654,2.865717,1.216,-14.651,-2.199,OK,1211,158,0
418,-0.818018,0.000589,2.872720,1.229,-14.649,-2.230,OK,1208,148,1
419,-0.820988,0.000498,2.880659,1.208,-14.648,-2.239,OK,1205,192,0
420,-0.823239,0.000666,2.887547,1.233,-14.647,-2.273,OK,1209,178,0
421,-0.825988,0.000432,2.894285,1.214,-14.642,-2.271,OK,1206,167,0
422,-0.828236,0.000178,2.902016,1.222,-14.663,-2.316,OK,1205,166,0
423,-0.831112,0.000883,2.910264,1.246,-14.645,-2.348,OK,1207,165,0
424,-0.833887,0.001081,2.918951,1.284,-14.646,-2.390,OK,1207,157,0
425,-0.836439,0.001256,2.925054,1.242,-14.620,-2.388,OK,1202,154,1
426,-0.839597,0.000880,2.931582,1.211,-14.627,-2.368,OK,1205,219,0
427,-0.842201,0.001473,2.940397,1.196,-14.595,-2.412,OK,1208,198,0
428,-0.844557,0.001129,2.946557,1.222,-14.614,-2.432,OK,1210,192,0
429,-0.846692,0.000916,2.953862,1.229,-14.631,-2.475,OK,1207,187,0
430,-0.849409,0.001032,2.961693,1.264,-14.640,-2.512,OK,1208,187,0
431,-0.852136,0.001157,2.969034,1.236,-14.613,-2.522,OK,1212,172,0
432,-0.855293,0.001432,2.976588,1.217,-14.587,-2.525,OK,1207,167,0
433,-0.857809,0.000912,2.982878,1.177,-14.598,-2.530,OK,1206,155,0
434,-0.861133,0.001699,2.992332,1.216,-14.571,-2.570,OK,1208,168,1
435,-0.863317,0.001202,2.998668,1.206,-14.583,-2.594,OK,1208,206,0
436,-0.866024,0.000960,3.006200,1.216,-14.588,-2.615,OK,1211,187,0
437,-0.868684,0.001150,3.013258,1.207,-14.581,-2.634,OK,1203,165,0
438,-0.871352,0.001090,3.020175,1.211,-14.571,-2.648,OK,1209,168,0
439,-0.874251,0.001246,3.027888,1.192,-14.555,-2.672,OK,1205,158,0
440,-0.876440,0.001370,3.034897,1.214,-14.544,-2.715,OK,1204,158,0
441,-0.878828,0.001350,3.042181,1.234,-14.558,-2.753,OK,1207,154,0
442,-0.882261,0.001177,3.050531,1.230,-14.543,-2.769,OK,1205,152,0
443,-0.885089,0.001136,3.057280,1.233,-14.547,-2.791,OK,1212,149,1
444,-0.887342,0.000749,3.063914,1.248,-14.564,-2.836,OK,1209,198,0
445,-0.890142,0.000865,3.070796,1.230,-14.545,-2.850,OK,1208,191,0
446,-0.892671,0.001089,3.077651,1.248,-14.533,-2.881,OK,1208,176,0
447,-0.894845,0.000951,3.083874,1.245,-14.541,-2.917,OK,1207,160,0
448,-0.897249,0.001046,3.090647,1.249,-14.529,-2.948,OK,1206,157,0
449,-0.899671,0.000867,3.097472,1.273,-14.540,-2.983,OK,1204,150,0
450,-0.902361,0.000814,3.104466,1.270,-14.540,-2.995,OK,1208,141,0
451,-0.905221,0.000795,3.110986,1.258,-14.534,-3.003,OK,1209,132,0
452,-0.908148,0.000939,3.119752,1.282,-14.529,-3.051,OK,1209,129,1
453,-0.910626,0.000717,3.125886,1.270,-14.532,-3.064,OK,1208,170,0
454,-0.912926,0.001034,3.132829,1.268,-14.518,-3.096,OK,1211,171,0
455,-0.915588,0.000938,3.139480,1.279,-14.522,-3.113,OK,1206,157,0
456,-0.918454,0.000688,3.146626,1.263,-14.526,-3.121,OK,1210,142,0
457,-0.920768,0.000433,3.153606,1.286,-14.557,-3.162,OK,1205,143,0
458,-0.922957,0.000961,3.160746,1.281,-14.514,-3.204,OK,1208,132,0
459,-0.925832,0.000475,3.167663,1.302,-14.547,-3.210,OK,1209,133,0
460,-0.928371,0.000524,3.174841,1.278,-14.527,-3.228,OK,1206,139,0
461,-0.930835,0.000787,3.181714,1.281,-14.514,-3.250,OK,1210,134,1
462,-0.934105,0.000598,3.190228,1.305,-14.538,-3.270,OK,1208,194,0
463,-0.936493,0.000547,3.196870,1.297,-14.527,-3.288,OK,1204,170,0
464,-0.939058,0.000654,3.203966,1.312,-14.532,-3.318,OK,1203,161,0
465,-0.941605,0.000488,3.211408,1.325,-14.542,-3.349,OK,1208,149,0
466,-0.944272,0.000638,3.217766,1.309,-14.527,-3.350,OK,1209,147,0
467,-0.946492,0.000284,3.224994,1.298,-14.531,-3.382,OK,1208,148,0
468,-0.949325,0.000525,3.232105,1.314,-14.533,-3.393,OK,1210,142,0
469,-0.951516,0.000274,3.238278,1.306,-14.537,-3.405,OK,1208,146,0
470,-0.953968,0.000447,3.245670,1.326,-14.528,-3.435,OK,1208,143,1
471,-0.957360,0.000356,3.253374,1.313,-14.529,-3.438,OK,1209,185,0
472,-0.959692,0.000107,3.260972,1.357,-14.551,-3.488,OK,1206,172,0
473,-0.962593,0.000159,3.267816,1.325,-14.544,-3.480,OK,1209,167,0
474,-0.965165,0.000259,3.275700,1.350,-14.544,-3.532,OK,1206,157,0
475,-0.968190,0.000513,3.282661,1.354,-14.531,-3.522,OK,1205,142,0
476,-0.970436,0.000510,3.289464,1.347,-14.524,-3.552,OK,1205,152,0
477,-0.973158,0.000307,3.296688,1.355,-14.536,-3.567,OK,1205,149,0
478,-0.975451,0.000526,3.302692,1.337,-14.513,-3.582,OK,1210,137,1
479,-0.978847,0.000233,3.312199,1.400,-14.556,-3.623,OK,1206,198,0
480,-0.981130,0.000286,3.318613,1.333,-14.525,-3.638,OK,1206,177,0
481,-0.983910,0.000180,3.325396,1.345,-14.547,-3.645,OK,1210,169,0
482,-0.986409,0.000160,3.331471,1.360,-14.548,-3.655,OK,1208,161,0
483,-0.989008,0.000437,3.337480,1.354,-14.530,-3.658,OK,1205,152,0
484,-0.991225,0.000276,3.344224,1.365,-14.546,-3.689,OK,1204,142,0
485,-0.993549,0.000238,3.349997,1.357,-14.550,-3.701,OK,1206,148,0
486,-0.995983,0.000294,3.357146,1.358,-14.563,-3.734,OK,1204,142,0
487,-0.998860,0.000032,3.363711,1.344,-14.575,-3.728,OK,1204,134,1
488,-1.001332,0.000001,3.370005,1.341,-14.577,-3.729,OK,1210,201,0
489,-1.003481,0.000145,3.376180,1.362,-14.584,-3.754,OK,1205,188,0
490,-1.005458,0.000107,3.381900,1.363,-14.589,-3.768,OK,1210,181,0
491,-1.007866,0.000326,3.387486,1.354,-14.568,-3.754,OK,1203,178,0
492,-1.009224,0.000090,3.391997,1.353,-14.587,-3.778,OK,1206,169,0
493,-1.011147,0.000134,3.397186,1.362,-14.581,-3.786,OK,1208,165,0
494,-1.013220,0.000333,3.402656,1.347,-14.575,-3.791,OK,1208,165,0
495,-1.016210,0.000100,3.409176,1.346,-14.582,-3.787,OK,1209,155,0
496,-1.017664,0.000018,3.414808,1.391,-14.616,-3.830,OK,1202,146,0
497,-1.019775,0.000192,3.420237,1.378,-14.605,-3.839,OK,1209,143,1
498,-1.021993,0.000397,3.425326,1.357,-14.585,-3.825,OK,1211,179,0
499,-1.023537,0.000013,3.429886,1.368,-14.617,-3.835,OK,1209,164,0
500,-1.025413,0.000198,3.434649,1.370,-14.610,-3.832,OK,1212,158,0
501,-1.027496,0.000204,3.439653,1.352,-14.603,-3.821,OK,1201,148,0
502,-1.029170,0.000268,3.444011,1.346,-14.597,-3.821,OK,1209,152,0
503,-1.031266,0.000465,3.448189,1.352,-14.594,-3.798,OK,1209,157,0
504,-1.032330,0.000070,3.452387,1.363,-14.620,-3.829,OK,1207,150,0
505,-1.034193,0.000278,3.456753,1.348,-14.603,-3.815,OK,1209,141,1
506,-1.035566,-0.000086,3.460576,1.353,-14.631,-3.825,OK,1207,191,0
507,-1.037655,0.000160,3.465674,1.340,-14.609,-3.824,OK,1209,178,0
508,-1.039217,-0.000115,3.469639,1.350,-14.639,-3.831,OK,1208,179,0
509,-1.040515,-0.000117,3.473467,1.366,-14.641,-3.852,OK,1212,168,0
510,-1.042042,0.000036,3.476906,1.344,-14.628,-3.845,OK,1211,166,0
511,-1.043513,-0.000375,3.480615,1.332,-14.648,-3.852,OK,1212,175,0
512,-1.044824,-0.000120,3.483415,1.344,-14.642,-3.843,OK,1206,171,0
513,-1.045531,-0.000042,3.486044,1.330,-14.631,-3.865,OK,1208,158,0
514,-1.046997,-0.000014,3.491293,1.368,-14.651,-3.915,OK,1207,159,0
515,-1.047829,-0.000026,3.493315,1.380,-14.655,-3.922,OK,1206,143,1
516,-1.048685,-0.000138,3.495548,1.363,-14.666,-3.934,OK,1207,209,0
517,-1.049235,-0.000173,3.497381,1.376,-14.677,-3.951,OK,1210,196,0
518,-1.050091,0.000067,3.498935,1.372,-14.664,-3.948,OK,1206,191,0
